prot,ch,resi,prob
A3G.0,G,1,0.6336943319838058
A3G.0,G,100,0.8106113360323886
A3G.0,G,101,0.770382085020243
A3G.0,G,102,0.7677544677544678
A3G.0,G,103,0.7300313438683557
A3G.0,G,104,0.7416188055110943
A3G.0,G,105,0.7283465072938758
A3G.0,G,106,0.7017356425251163
A3G.0,G,107,0.6993605079131394
A3G.0,G,108,0.6954498425551058
A3G.0,G,109,0.6765754713123133
A3G.0,G,110,0.6518346281504176
A3G.0,G,111,0.571380016994052
A3G.0,G,112,0.5097016044384466
A3G.0,G,113,0.40112256164887744
A3G.0,G,114,0.46760651629072675
A3G.0,G,115,0.42109761583445793
A3G.0,G,116,0.527705802968961
A3G.0,G,117,0.3657444894286999
A3G.0,G,118,0.46137651821862347
A3G.0,G,120,0.3241228070175438
A3G.0,G,122,0.4354925775978408
A3G.0,G,123,0.6007851797325482
A3G.0,G,124,0.6838667180772445
A3G.0,G,125,0.6930274403958615
A3G.0,G,126,0.6509233610341644
A3G.0,G,127,0.598967317960453
A3G.0,G,128,0.6136508472034788
A3G.0,G,129,0.6348592197276408
A3G.0,G,130,0.6790558126084443
A3G.0,G,131,0.7136045241308399
A3G.0,G,132,0.6704393903310312
A3G.0,G,133,0.671642017130739
A3G.0,G,134,0.7311806721306079
A3G.0,G,135,0.6681781376518218
A3G.0,G,136,0.6138841537040983
A3G.0,G,137,0.6771209054103791
A3G.0,G,138,0.60777984462195
A3G.0,G,139,0.4956443994601889
A3G.0,G,140,0.5193815987933634
A3G.0,G,141,0.5784790029372073
A3G.0,G,142,0.5567522918702592
A3G.0,G,143,0.4807514738262661
A3G.0,G,144,0.43594563331405434
A3G.0,G,145,0.45785135916714864
A3G.0,G,146,0.48332208726945564
A3G.0,G,147,0.5109863820390136
A3G.0,G,148,0.3550944669365722
A3G.0,G,149,0.361774628879892
A3G.0,G,185,0.242914979757085
A3G.0,G,188,0.45742240215924423
A3G.0,G,189,0.3860773729194782
A3G.0,G,191,0.32797570850202423
A3G.0,G,192,0.3932486129854551
A3G.0,G,193,0.31926872469635625
A3G.0,G,194,0.3095291647923226
A3G.0,G,195,0.3374887539361224
A3G.0,G,196,0.35413446202919885
A3G.0,G,197,0.3347165991902834
A3G.0,G,198,0.26877867746288797
A3G.0,G,199,0.2163292847503374
A3G.0,G,2,0.6982107875146926
A3G.0,G,201,0.23724696356275304
A3G.0,G,205,0.294331983805668
A3G.0,G,206,0.2155195681511471
A3G.0,G,210,0.2525978407557355
A3G.0,G,211,0.24935897435897436
A3G.0,G,212,0.22634952766531713
A3G.0,G,213,0.2840350877192982
A3G.0,G,214,0.2813557562545416
A3G.0,G,215,0.34017543859649124
A3G.0,G,216,0.3813427800269907
A3G.0,G,217,0.42308656256024674
A3G.0,G,218,0.424593157100897
A3G.0,G,219,0.40618083670715255
A3G.0,G,220,0.38575284364758045
A3G.0,G,221,0.3896086369770581
A3G.0,G,222,0.36201079622132254
A3G.0,G,240,0.2512820512820513
A3G.0,G,241,0.3512314439946019
A3G.0,G,242,0.40643724696356276
A3G.0,G,243,0.4525737420474263
A3G.0,G,244,0.43559974597126294
A3G.0,G,245,0.36718398560503823
A3G.0,G,246,0.3256997953941927
A3G.0,G,247,0.36020938126201285
A3G.0,G,248,0.4354112090180202
A3G.0,G,249,0.5291359053742956
A3G.0,G,25,0.3283738191632929
A3G.0,G,250,0.3855581260844418
A3G.0,G,251,0.3128516557666355
A3G.0,G,252,0.2831402112708828
A3G.0,G,253,0.2692807517368921
A3G.0,G,254,0.28042952208106475
A3G.0,G,255,0.3033111625216888
A3G.0,G,256,0.34884278002699054
A3G.0,G,257,0.42038557933294773
A3G.0,G,258,0.5023841655420602
A3G.0,G,259,0.5412075338848794
A3G.0,G,26,0.4229588394062078
A3G.0,G,260,0.531049517284335
A3G.0,G,261,0.4788424051581946
A3G.0,G,262,0.4330836707152496
A3G.0,G,263,0.5100820962663067
A3G.0,G,264,0.4707174263201428
A3G.0,G,265,0.39288719536397554
A3G.0,G,266,0.40729358360937307
A3G.0,G,267,0.369947705802969
A3G.0,G,268,0.3266220284438908
A3G.0,G,269,0.24568151147098516
A3G.0,G,27,0.3802294197031039
A3G.0,G,270,0.3313427800269906
A3G.0,G,271,0.2304655870445344
A3G.0,G,273,0.31794871794871793
A3G.0,G,28,0.3753036437246964
A3G.0,G,281,0.394331983805668
A3G.0,G,282,0.3505398110661269
A3G.0,G,283,0.3865047233468286
A3G.0,G,284,0.31142037786774635
A3G.0,G,285,0.3787629329734593
A3G.0,G,286,0.39627841793833696
A3G.0,G,287,0.49634502923976603
A3G.0,G,288,0.542836561257614
A3G.0,G,289,0.5563613029557303
A3G.0,G,29,0.35965755735492577
A3G.0,G,290,0.5855700504823312
A3G.0,G,291,0.5473408170776591
A3G.0,G,292,0.4698700191774985
A3G.0,G,293,0.5479619378115619
A3G.0,G,294,0.5780476833108411
A3G.0,G,295,0.48320631896483296
A3G.0,G,296,0.41786015519568154
A3G.0,G,297,0.5268261877573619
A3G.0,G,298,0.506612685560054
A3G.0,G,299,0.3643537261958315
A3G.0,G,3,0.5554752265278581
A3G.0,G,30,0.4156713900134953
A3G.0,G,300,0.3583502024291498
A3G.0,G,301,0.40708036669924147
A3G.0,G,302,0.3251866846603689
A3G.0,G,303,0.28465587044534413
A3G.0,G,304,0.21686909581646424
A3G.0,G,307,0.25492577597840754
A3G.0,G,309,0.4198380566801619
A3G.0,G,31,0.4210007266687429
A3G.0,G,310,0.20411605937921729
A3G.0,G,311,0.32004048582995953
A3G.0,G,313,0.2766025641025641
A3G.0,G,314,0.3164151637835848
A3G.0,G,315,0.415806342780027
A3G.0,G,316,0.423520339309813
A3G.0,G,317,0.46800376447190856
A3G.0,G,318,0.45933909618120156
A3G.0,G,319,0.47505023241865335
A3G.0,G,32,0.4402052702606719
A3G.0,G,320,0.5241715399610136
A3G.0,G,321,0.4770107962213226
A3G.0,G,322,0.42348365572049784
A3G.0,G,323,0.44349227770280414
A3G.0,G,324,0.4571809077349244
A3G.0,G,325,0.38501093582763274
A3G.0,G,326,0.3607822606915166
A3G.0,G,327,0.38122879964985223
A3G.0,G,328,0.359436312675179
A3G.0,G,329,0.29817813765182183
A3G.0,G,33,0.5759109311740891
A3G.0,G,330,0.3036003470213996
A3G.0,G,331,0.2991324465008676
A3G.0,G,333,0.2801619433198381
A3G.0,G,335,0.2827935222672065
A3G.0,G,34,0.4390065400186857
A3G.0,G,35,0.5450320512820512
A3G.0,G,36,0.3418016194331983
A3G.0,G,37,0.5023751686909581
A3G.0,G,371,0.26093117408906885
A3G.0,G,373,0.21923076923076926
A3G.0,G,374,0.36565452091767886
A3G.0,G,375,0.3466261808367072
A3G.0,G,376,0.3453441295546559
A3G.0,G,377,0.3441295546558705
A3G.0,G,378,0.3255424063116371
A3G.0,G,379,0.33521142600089965
A3G.0,G,380,0.3480600539811067
A3G.0,G,381,0.29804318488529014
A3G.0,G,382,0.2530364372469635
A3G.0,G,383,0.22284075573549256
A3G.0,G,384,0.20607287449392714
A3G.0,G,39,0.253778677462888
A3G.0,G,4,0.40078272604588394
A3G.0,G,52,0.43670715249662617
A3G.0,G,53,0.3718334297281666
A3G.0,G,54,0.539899850841679
A3G.0,G,55,0.5292540792540792
A3G.0,G,56,0.5688852083588926
A3G.0,G,57,0.591679412205728
A3G.0,G,58,0.6278227620332884
A3G.0,G,59,0.6526844354475934
A3G.0,G,60,0.6634615384615383
A3G.0,G,61,0.727228803252195
A3G.0,G,62,0.7317346620990345
A3G.0,G,63,0.7507264665159402
A3G.0,G,64,0.7535305385050718
A3G.0,G,65,0.7220052393427007
A3G.0,G,66,0.7379086674502633
A3G.0,G,67,0.772082128397918
A3G.0,G,68,0.7350334735783651
A3G.0,G,69,0.6977700661911188
A3G.0,G,70,0.7358010410641989
A3G.0,G,71,0.7819756267124689
A3G.0,G,72,0.723591202538571
A3G.0,G,73,0.7518407557354925
A3G.0,G,74,0.7517897307370991
A3G.0,G,75,0.7115696044845843
A3G.0,G,76,0.7251943962470279
A3G.0,G,77,0.6345756926252282
A3G.0,G,78,0.5838334524093038
A3G.0,G,79,0.5889021195522743
A3G.0,G,80,0.4841430499325236
A3G.0,G,81,0.41233853865432807
A3G.0,G,82,0.3584795321637426
A3G.0,G,83,0.40285087719298246
A3G.0,G,84,0.39082321187584346
A3G.0,G,85,0.37307692307692303
A3G.0,G,86,0.3543690958164642
A3G.0,G,87,0.3140688259109312
A3G.0,G,88,0.3983805668016194
A3G.0,G,89,0.3780701754385965
A3G.0,G,90,0.6424426450742241
A3G.0,G,91,0.320748987854251
A3G.0,G,92,0.4528243686138423
A3G.0,G,93,0.3983130904183536
A3G.0,G,94,0.6229251012145749
A3G.0,G,95,0.6743477282950967
A3G.0,G,96,0.7211260617607366
A3G.0,G,97,0.7786085196268262
A3G.0,G,98,0.7818408472288937
A3G.0,G,99,0.7792708853271219
Vif.0,B,1,0.26764346764346764
Vif.0,B,102,0.4597165991902834
Vif.0,B,103,0.45703253861148607
Vif.0,B,104,0.5948785425101215
Vif.0,B,105,0.6776568825910931
Vif.0,B,106,0.6034412955465588
Vif.0,B,107,0.6920752736542212
Vif.0,B,108,0.6915347810084652
Vif.0,B,109,0.609665991902834
Vif.0,B,11,0.21329284750337385
Vif.0,B,110,0.6751907741381428
Vif.0,B,111,0.7137814265007248
Vif.0,B,112,0.690281755044271
Vif.0,B,113,0.6572261072261071
Vif.0,B,114,0.6525219298245614
Vif.0,B,115,0.6288855150697256
Vif.0,B,116,0.6661999550157446
Vif.0,B,117,0.5272941970310392
Vif.0,B,118,0.3471884840305893
Vif.0,B,119,0.33773279352226726
Vif.0,B,12,0.30148448043184883
Vif.0,B,120,0.25431848852901484
Vif.0,B,128,0.24116059379217275
Vif.0,B,129,0.36202766531713904
Vif.0,B,13,0.2873256860098965
Vif.0,B,130,0.4674215587044534
Vif.0,B,131,0.5693124511684068
Vif.0,B,132,0.5431286549707601
Vif.0,B,133,0.5932891669733775
Vif.0,B,134,0.586552920763447
Vif.0,B,135,0.6148729194781827
Vif.0,B,136,0.5874493927125506
Vif.0,B,137,0.4715755735492578
Vif.0,B,138,0.6503084634663582
Vif.0,B,139,0.4669028340080972
Vif.0,B,14,0.31837044534412956
Vif.0,B,15,0.39793601651186794
Vif.0,B,155,0.32748538011695905
Vif.0,B,156,0.4451468908958788
Vif.0,B,157,0.5347647966069018
Vif.0,B,158,0.6128444107062528
Vif.0,B,159,0.5215348408544814
Vif.0,B,16,0.3939249488485482
Vif.0,B,160,0.5387869245763983
Vif.0,B,161,0.4445759368836292
Vif.0,B,162,0.3715699505173189
Vif.0,B,163,0.3855516194331984
Vif.0,B,164,0.32205128205128203
Vif.0,B,165,0.37498313090418356
Vif.0,B,166,0.2865047233468286
Vif.0,B,169,0.23252361673414304
Vif.0,B,17,0.3270615810782016
Vif.0,B,18,0.38269441632928475
Vif.0,B,19,0.44463952039862975
Vif.0,B,2,0.2752399160293897
Vif.0,B,20,0.3577161228864015
Vif.0,B,21,0.3741674873253821
Vif.0,B,22,0.44116391230282515
Vif.0,B,23,0.42158400809716595
Vif.0,B,24,0.43348636013109704
Vif.0,B,25,0.5265116886509076
Vif.0,B,26,0.5572974990668159
Vif.0,B,27,0.5779931831551265
Vif.0,B,28,0.6360988727474794
Vif.0,B,29,0.6426144663800659
Vif.0,B,3,0.27588843904633376
Vif.0,B,30,0.6502929599640126
Vif.0,B,31,0.6317175278974939
Vif.0,B,32,0.6623213860442964
Vif.0,B,33,0.7050862381093447
Vif.0,B,34,0.7565204678362573
Vif.0,B,35,0.7272256663292848
Vif.0,B,36,0.7366467450677978
Vif.0,B,37,0.7586271367521368
Vif.0,B,38,0.6916767163407701
Vif.0,B,39,0.6476701183431952
Vif.0,B,4,0.2785328706381338
Vif.0,B,40,0.614268011003841
Vif.0,B,41,0.5892686346186601
Vif.0,B,42,0.5955879798506166
Vif.0,B,43,0.5301829843425768
Vif.0,B,44,0.5314917217998092
Vif.0,B,45,0.5507960975126596
Vif.0,B,46,0.4401336361541754
Vif.0,B,47,0.42406128443280144
Vif.0,B,48,0.39266396761133604
Vif.0,B,49,0.4386159335757909
Vif.0,B,5,0.2659726238673607
Vif.0,B,50,0.41183085919928025
Vif.0,B,51,0.420033457040036
Vif.0,B,52,0.4523445365550629
Vif.0,B,53,0.44598241966663016
Vif.0,B,54,0.48336426000899685
Vif.0,B,55,0.5677283653846155
Vif.0,B,56,0.6375843454790824
Vif.0,B,57,0.7498824980222439
Vif.0,B,58,0.7589703305335669
Vif.0,B,59,0.7573270045139375
Vif.0,B,60,0.744866353227983
Vif.0,B,61,0.7072844724934507
Vif.0,B,62,0.6615257301453924
Vif.0,B,63,0.7427968960863697
Vif.0,B,64,0.6911536731374789
Vif.0,B,65,0.6020370573002151
Vif.0,B,66,0.5115208590036965
Vif.0,B,67,0.36893632683106364
Vif.0,B,68,0.3710823211875843
Vif.0,B,69,0.3915745705219389
Vif.0,B,70,0.45407422402159237
Vif.0,B,71,0.4220568389299039
Vif.0,B,72,0.38972334682861004
Vif.0,B,73,0.3756532940743467
Vif.0,B,74,0.35986504723346824
Vif.0,B,75,0.31128542510121454
Vif.0,B,76,0.3992352676563202
Vif.0,B,77,0.40085265611581405
Vif.0,B,78,0.39618758434547907
Vif.0,B,79,0.43211616318903767
Vif.0,B,80,0.4512169847696163
Vif.0,B,81,0.4072080654123998
Vif.0,B,82,0.41045883940620786
Vif.0,B,83,0.3979581059672594
Vif.0,B,84,0.32068151147098517
Vif.0,B,85,0.3112179487179487
Vif.0,B,87,0.43723852901484483
Vif.0,B,88,0.5331309041835358
Vif.0,B,89,0.6250067476383266
Vif.0,B,90,0.6654150885899611
Vif.0,B,91,0.6273937246963562
Vif.0,B,92,0.6057439271255061
Vif.0,B,93,0.6190476190476192
Vif.0,B,94,0.585599119255629
Vif.0,B,95,0.5445344129554656
Vif.0,B,96,0.5382141250562302
Vif.0,B,97,0.30155195681511476
Vif.0,B,98,0.24908906882591092
